best;worst;average;std
1007.9619127748758;1206.3722483813076;1088.6685641071447;54.451842017286396
