best;worst;average;std
1443.0259453813237;1558.9839875235477;1495.9745078367505;32.33350608372599
