best;worst;average;std
1631.7701477001328;1846.6350425909206;1721.6533595131655;60.702046851714314
