best;worst;average;std
767.7364890105131;1000.167222091173;899.2006522567035;75.62384085964717
