best;worst;average;std
1996.609129504467;2293.345133280733;2165.863023185917;86.24551845769956
