best;worst;average;std
75.02666192761077;90.03199431313294;76.52719516616301;4.50159971565665
