best;worst;average;std
1191.256597457717;1424.4145333783738;1332.0220236625316;70.17731944991878
