best;worst;average;std
940.3616980210496;1088.3998230055222;999.2262015594697;39.16983531451915
