best;worst;average;std
886.5537239156444;1049.0835642769512;974.565326052461;48.580664648041356
