best;worst;average;std
277.8431884419393;308.89494725263086;297.79494347467397;10.377680990393348
