best;worst;average;std
1096.4274394822573;1296.859650687147;1222.1362572236433;43.2844053020569
