best;worst;average;std
1137.6892882693633;1344.2084042301399;1218.1075796415682;55.18363433762963
