best;worst;average;std
1514.251658893352;1776.1429538041543;1660.9350031471236;65.72027046371038
