best;worst;average;std
935.443650398497;1175.9573676331795;1082.1015269373092;64.02669405971879
