best;worst;average;std
1221.2467253598268;1392.4148961286162;1282.5904260316177;42.28298702295199
