best;worst;average;std
1438.2908850137255;1623.983194571169;1532.8504513582423;50.8480587913356
