best;worst;average;std
904.6247824452288;1088.1563659435412;1006.7830743312552;37.370522507026806
