best;worst;average;std
1574.5974976632335;2604.433704683457;2121.9013336449802;140.89342666631666
