best;worst;average;std
2346.004681991967;3545.2839490089286;2941.504652873109;168.80296821240785
