best;worst;average;std
1715.3296222579552;2670.068109523638;2219.486718161599;130.97909872028782
