best;worst;average;std
3023.5014591363565;4289.345953561246;3701.933392540639;177.5663855576546
