best;worst;average;std
1575.3145255794277;2555.852372283936;2119.505907056745;140.34659781984016
