best;worst;average;std
2200.160869234903;3329.253799258571;2814.9432373387017;153.24929147745334
