best;worst;average;std
2674.5938059954706;3977.0544103168704;3293.840453627312;172.7602409216717
