best;worst;average;std
1723.9237546551894;2651.5379516638554;2180.7897712353097;131.23928382030658
