best;worst;average;std
265.25377554467065;349.0994311931;304.9561407094492;23.273839021334165
