best;worst;average;std
788.3894649600852;873.3242700180461;839.9012274352433;28.395445329588288
