best;worst;average;std
1134.1797751452182;1230.564129022314;1167.6912888918064;28.6786627276589
