best;worst;average;std
1246.0726720144871;1384.6951834601819;1308.264042444877;47.95779603054873
