best;worst;average;std
859.43947821864;963.2112689927816;899.6147441558894;37.605215772423946
