best;worst;average;std
989.2624774657505;1030.1387552221793;1007.9375657711358;12.29202585063482
