best;worst;average;std
1418.4002218913638;1539.42324837886;1497.1408747684354;36.957884943292385
