best;worst;average;std
980.2855191951805;1053.1277872670516;1006.9263819376174;20.243246739004487
