best;worst;average;std
853.2434220784346;926.9441396327962;884.7163949920243;25.205807914035315
