best;worst;average;std
959.3515712270383;1046.0548990324319;1002.7524876218943;21.458717626890714
