best;worst;average;std
1546.5409138480486;1633.2010479763612;1582.4436482297635;27.750873575636135
