best;worst;average;std
987.9708283589267;1103.159784256445;1035.130074389856;36.81138058503059
