best;worst;average;std
790.302169117755;860.9661685307562;823.7057137582117;24.436183213175756
