best;worst;average;std
1325.3357757594479;1390.6417248198466;1352.7516739436157;19.97225481641168
