best;worst;average;std
1183.172412649508;1256.267069108914;1213.589232505081;23.895322822280907
